Field,ID,Type (Type),default,en-us,ar,cs-cz,da-dk,de-de,es,fi-fi,fr,hi,hu-hu,id,it-it,ja-jp,ko-kr,nb-no,nl-nl,pl-pl,pt-br,ro,ru,th,tr,vi,zh-cn
Title,4,Text,Torrent Client App,Torrent Client App,Torrent Client App,Torrent Client App,Torrent Client App,Torrent Client App,Torrent Client App,Torrent Client App,Torrent Client App,Torrent Client App,Torrent Client App,Torrent Client App,Torrent Client App,Torrent Client App,Torrent Client App,Torrent Client App,Torrent Client App,Torrent Client App,Torrent Client App,Torrent Client App,Torrent Client App,Torrent Client App,Torrent Client App,Torrent Client App,Torrent Client App
Description,2,Text,Torrent Free is a simple clean torrent downloader with no ads no subscriptions and no sign-ups. Add magnet links or .torrent files and keep downloads running in the background. Files are saved directly on your device with no cloud middleman.,Torrent Free is a simple clean torrent downloader with no ads no subscriptions and no sign-ups. Add magnet links or .torrent files and keep downloads running in the background. Files are saved directly on your device with no cloud middleman.,Torrent Free هو برنامج تنزيل تورنت بسيط ونظيف بدون إعلانات وبدون اشتراكات وبدون تسجيل. أضف روابط magnet أو ملفات .torrent واجعل التنزيلات تعمل في الخلفية. يتم حفظ الملفات مباشرة على جهازك بدون وسيط سحابي.,"Torrent Free je jednoduchý čistý stahovač torrentů bez reklam, bez předplatného a bez registrací. Přidejte odkazy magnet nebo soubory .torrent a nechte stahování spuštěné na pozadí. Soubory se ukládají přímo do vašeho zařízení bez cloudového prostředníka.","Torrent Free er en simpel ren torrent downloader uden annoncer, ingen abonnementer og ingen tilmeldinger. Tilføj magnet links eller .torrent filer og lad downloads køre i baggrunden. Filer gemmes direkte på din enhed uden skymellemmand.","Torrent Free ist ein einfacher, sauberer Torrent-Downloader ohne Werbung, ohne Abonnements und ohne Anmeldungen. Fügen Sie magnet-Links oder .torrent-Dateien hinzu und lassen Sie die Downloads im Hintergrund laufen. Dateien werden ohne Cloud-Zwischenhändler direkt auf Ihrem Gerät gespeichert.",Torrent Free es un descargador de torrents simple y limpio sin anuncios sin suscripciones y sin registros. Añade enlaces magnet o archivos .torrent y mantiene las descargas en segundo plano. Los archivos se guardan directamente en tu dispositivo sin intermediarios en la nube.,"Torrent Free on yksinkertainen puhdas torrent-latausohjelma, jossa ei ole mainoksia, ei tilauksia eikä kirjautumisia. Lisää magnet-linkkejä tai .torrent-tiedostoja ja pidä lataukset käynnissä taustalla. Tiedostot tallennetaan suoraan laitteellesi ilman pilvivälittäjää.",Torrent Free est un telechargeur de torrents simple et propre sans publicites sans abonnements et sans inscription. Ajoutez des liens magnet ou des fichiers .torrent et gardez les telechargements en arriere-plan. Les fichiers sont enregistres directement sur votre appareil sans intermediaire cloud.,Torrent Free एक सरल और साफ टोरेंट डाउनलोडर है जिसमें कोई विज्ञापन कोई सदस्यता और कोई साइन अप नहीं है। magnet लिंक या .torrent फ़ाइलें जोड़ें और डाउनलोड को पृष्ठभूमि में चलने दें। फ़ाइलें बिना क्लाउड मध्यस्थ के सीधे आपके डिवाइस पर सहेजी जाती हैं।,"A Torrent Free egy egyszerű, tiszta torrent letöltő, hirdetések nélkül, előfizetések és regisztrációk nélkül. Adjon hozzá magnet hivatkozásokat vagy .torrent fájlokat, és futtasson a letöltéseket a háttérben. A fájlok közvetlenül az eszközre kerülnek mentésre, felhőközvetítő nélkül.","Torrent Free adalah pengunduh torrent sederhana dan bersih tanpa iklan, tanpa langganan, dan tanpa pendaftaran. Tambahkan tautan magnet atau file .torrent dan biarkan unduhan tetap berjalan di latar belakang. File disimpan langsung di perangkat Anda tanpa perantara cloud.","Torrent Free è un semplice downloader torrent pulito, senza pubblicità, senza abbonamenti e senza iscrizioni. Aggiungi collegamenti magnet o file .torrent e mantieni i download in esecuzione in background. I file vengono salvati direttamente sul tuo dispositivo senza intermediari nel cloud.",Torrent Free は、広告なし、サブスクリプションなし、サインアップなしのシンプルでクリーンな torrent ダウンローダーです。 magnet リンクまたは .torrent ファイルを追加し、バックグラウンドでダウンロードを実行し続けます。ファイルはクラウド仲介者なしでデバイスに直接保存されます。,"Torrent Free은 광고도, 구독도, 가입도 없는 간단하고 깔끔한 토렌트 다운로더입니다. magnet 링크 또는 .torrent 파일을 추가하고 백그라운드에서 다운로드를 계속 실행하세요. 클라우드 중개인 없이 파일이 장치에 직접 저장됩니다.","Torrent Free er en enkel, ren torrent-nedlasting uten annonser, abonnementer og registreringer. Legg til magnet-koblinger eller .torrent-filer og la nedlastinger kjøre i bakgrunnen. Filer lagres direkte på enheten din uten skymellommann.","Torrent Free is een eenvoudige, schone torrent-downloader zonder advertenties, geen abonnementen en geen aanmeldingen. Voeg magnet links of .torrent bestanden toe en laat downloads op de achtergrond draaien. Bestanden worden rechtstreeks op uw apparaat opgeslagen, zonder tussenpersoon in de cloud.","Torrent Free to prosty, czysty program do pobierania torrentów, bez reklam, bez subskrypcji i rejestracji. Dodaj łącza magnet lub pliki .torrent i pobieraj pliki w tle. Pliki są zapisywane bezpośrednio na Twoim urządzeniu, bez pośredników w chmurze.","Torrent Free é um downloader de torrent simples e limpo, sem anúncios, sem assinaturas e sem inscrições. Adicione links magnet ou arquivos .torrent e mantenha os downloads em execução em segundo plano. Os arquivos são salvos diretamente no seu dispositivo, sem intermediários na nuvem.","Torrent Free este un simplu program de descărcare torrent, fără reclame, fără abonamente și fără înscrieri. Adăugați linkuri magnet sau fișiere .torrent și continuați să ruleze descărcările în fundal. Fișierele sunt salvate direct pe dispozitivul dvs. fără intermediar cloud.",Torrent Free это простой и чистый загрузчик торрентов без рекламы без подписок и без регистрации. Добавляйте magnet-ссылки или файлы .torrent и продолжайте загрузки в фоновом режиме. Файлы сохраняются прямо на вашем устройстве без облачного посредника.,Torrent Free เป็นเครื่องมือดาวน์โหลดทอร์เรนต์ที่เรียบง่าย ไม่มีโฆษณา ไม่มีการสมัครรับข้อมูลและไม่ต้องสมัครใช้งาน เพิ่มลิงก์ magnet หรือไฟล์ .torrent และให้การดาวน์โหลดทำงานอยู่เบื้องหลัง ไฟล์จะถูกบันทึกบนอุปกรณ์ของคุณโดยตรงโดยไม่มีคนกลางระบบคลาวด์,Torrent Free reklam abonelik ve kayıt gerektirmeyen sade ve temiz bir torrent indiricisidir. Magnet bağlantıları veya .torrent dosyaları ekleyin ve indirmeleri arka planda çalıştırın. Dosyalar bulut aracısı olmadan doğrudan cihazınıza kaydedilir.,"Torrent Free là một trình tải xuống torrent đơn giản, sạch sẽ, không có quảng cáo, không cần đăng ký và không cần đăng ký. Thêm liên kết magnet hoặc tệp .torrent và tiếp tục tải xuống chạy ở chế độ nền. Các tệp được lưu trực tiếp trên thiết bị của bạn mà không cần qua trung gian đám mây.",Torrent Free 是一个简单干净的 torrent 下载器，没有广告，没有订阅，也没有注册。添加 magnet 链接或 .torrent 文件并保持下载在后台运行。文件直接保存在您的设备上，无需云中间商。
ShortDescription,8,Text,Fast clean and free torrent downloader. No ads. No tracking.,Fast clean and free torrent downloader. No ads. No tracking.,برنامج تنزيل تورنت سريع ونظيف ومجاني. بدون إعلانات. بدون تتبع.,Rychlý čistý a bezplatný stahovač torrentů. Žádné reklamy. Žádné sledování.,Hurtig ren og gratis torrent downloader. Ingen annoncer. Ingen sporing.,"Schneller, sauberer und kostenloser Torrent-Downloader. Keine Werbung. Keine Nachverfolgung.",Descargador de torrents rapido limpio y gratuito. Sin anuncios. Sin seguimiento.,Nopea puhdas ja ilmainen torrent-latausohjelma. Ei mainoksia. Ei seurantaa.,Telechargeur de torrents rapide propre et gratuit. Sans publicite. Sans suivi.,तेज साफ और मुफ्त टोरेंट डाउनलोडर। कोई विज्ञापन नहीं। कोई ट्रैकिंग नहीं।,Gyors tiszta és ingyenes torrent letöltő. Nincsenek hirdetések. Nincs nyomon követés.,"Pengunduh torrent yang cepat, bersih, dan gratis. Tidak ada iklan. Tidak ada pelacakan.","Downloader torrent veloce, pulito e gratuito. Nessuna pubblicità. Nessun tracciamento.",高速でクリーンな無料の torrent ダウンローダー。広告はありません。追跡はありません。,빠르고 깨끗한 무료 토렌트 다운로더. 광고가 없습니다. 추적이 없습니다.,Rask ren og gratis torrent-nedlasting. Ingen annonser. Ingen sporing.,"Snelle, schone en gratis torrent-downloader. Geen advertenties. Geen tracking.","Szybki, czysty i darmowy program do pobierania torrentów. Brak reklam. Brak śledzenia.","Downloader de torrent rápido, limpo e gratuito. Sem anúncios. Sem rastreamento.",Descărcător de torrent gratuit și curățat rapid. Fără reclame. Fără urmărire.,Быстрый чистый и бесплатный загрузчик торрентов. Без рекламы. Без отслеживания.,โปรแกรมดาวน์โหลดทอร์เรนท์ที่สะอาดรวดเร็วและฟรี ไม่มีโฆษณา ไม่มีการติดตาม,Hızlı sade ve ücretsiz torrent indirici. Reklam yok. İzleme yok.,Trình tải xuống torrent nhanh chóng và sạch sẽ. Không có quảng cáo. Không theo dõi.,快速、干净且免费的 torrent 下载器。没有广告。没有跟踪。
ReleaseNotes,3,Text,"Version 1.15
Open Windows magnet links in the app. Improved transfer recovery, pausing, file deletion, and proxy password storage. Unmetered wired and VPN connections now work with Wi-Fi-only transfers. Both file-removal options are selected by default; clear either option to keep those files.","Version 1.15
Open Windows magnet links in the app. Improved transfer recovery, pausing, file deletion, and proxy password storage. Unmetered wired and VPN connections now work with Wi-Fi-only transfers. Both file-removal options are selected by default; clear either option to keep those files.","الإصدار 1.15
افتح روابط magnet في Windows داخل التطبيق. تحسين استعادة عمليات النقل والإيقاف المؤقت وحذف الملفات وتخزين كلمة مرور الوكيل. تعمل الاتصالات السلكية واتصالات VPN غير المحدودة الآن مع وضع Wi-Fi فقط. يُحدد خيارا حذف الملفات افتراضيًا؛ ألغِ تحديد أي خيار للاحتفاظ بملفاته.","Verze 1.15
Otevírejte magnet odkazy ve Windows přímo v aplikaci. Vylepšené obnovení přenosů, pozastavení, mazání souborů a ukládání hesla proxy. Režim pouze Wi-Fi nyní podporuje neměřená kabelová připojení a VPN. Obě možnosti mazání jsou ve výchozím nastavení vybrány; pro zachování souborů příslušnou možnost zrušte.","Version 1.15
Åbn magnetlinks i Windows direkte i appen. Forbedret gendannelse af overførsler, pause, filsletning og lagring af proxyadgangskoder. Forbindelser via kabel og VPN uden forbrugsafregning fungerer nu med kun Wi-Fi. Begge sletningsvalg er valgt som standard; fjern markeringen for at beholde filerne.","Version 1.15
Magnet-Links unter Windows direkt in der App öffnen. Verbesserte Wiederaufnahme von Übertragungen, Pausenfunktion, Dateilöschung und Speicherung des Proxy-Passworts. Nicht getaktete Kabel- und VPN-Verbindungen funktionieren jetzt im WLAN-Modus. Beide Löschoptionen sind standardmäßig aktiviert; deaktivieren Sie die jeweilige Option, um die Dateien zu behalten.","Versión 1.15
Abre enlaces magnet de Windows en la aplicación. Mejoras en la recuperación de transferencias, las pausas, la eliminación de archivos y el almacenamiento de contraseñas del proxy. El modo solo Wi-Fi admite conexiones por cable y VPN no medidas. Ambas opciones de eliminación están seleccionadas de forma predeterminada; desmarca la opción correspondiente para conservar esos archivos.","Versio 1.15
Avaa Windowsin magnet-linkit sovelluksessa. Parannuksia siirtojen palautukseen, keskeyttämiseen, tiedostojen poistoon ja välityspalvelimen salasanan tallennukseen. Vain Wi-Fi -tila tukee nyt käytön mukaan laskuttamattomia kaapeli- ja VPN-yhteyksiä. Molemmat poistovalinnat ovat oletuksena käytössä; poista valinta säilyttääksesi kyseiset tiedostot.","Version 1.15
Ouvrez les liens magnet de Windows dans l’application. Amélioration de la reprise des transferts, de la pause, de la suppression des fichiers et du stockage du mot de passe du proxy. Le mode Wi-Fi uniquement accepte les connexions filaires et VPN non limitées. Les deux options de suppression sont cochées par défaut ; décochez l’option voulue pour conserver les fichiers correspondants.","संस्करण 1.15
Windows के magnet लिंक ऐप में खोलें। ट्रांसफ़र बहाली, रोकने, फ़ाइल हटाने और प्रॉक्सी पासवर्ड संग्रहण में सुधार। केवल Wi-Fi मोड में अब बिना डेटा सीमा वाले वायर्ड और VPN कनेक्शन भी काम करते हैं। फ़ाइल हटाने के दोनों विकल्प डिफ़ॉल्ट रूप से चुने जाते हैं; संबंधित फ़ाइलें रखने के लिए विकल्प हटाएँ।","1.15-ös verzió
A Windows magnet hivatkozásai megnyithatók az alkalmazásban. Javult az átvitelek helyreállítása, szüneteltetése, a fájltörlés és a proxyjelszó tárolása. A csak Wi-Fi mód már a nem forgalmi díjas vezetékes és VPN-kapcsolatokat is támogatja. Alapértelmezés szerint mindkét törlési lehetőség be van jelölve; a fájlok megtartásához törölje a megfelelő jelölést.","Versi 1.15
Buka tautan magnet Windows di aplikasi. Peningkatan pemulihan transfer, jeda, penghapusan file, dan penyimpanan kata sandi proxy. Koneksi kabel dan VPN tanpa batas kuota kini dapat digunakan dalam mode hanya Wi-Fi. Kedua opsi penghapusan dipilih secara default; hapus centang opsi terkait untuk menyimpan file tersebut.","Versione 1.15
Apri i link magnet di Windows nell’app. Migliorati il ripristino dei trasferimenti, la pausa, l’eliminazione dei file e l’archiviazione della password proxy. La modalità solo Wi-Fi supporta connessioni cablate e VPN non a consumo. Entrambe le opzioni di eliminazione sono selezionate per impostazione predefinita; deseleziona l’opzione desiderata per conservare i relativi file.","バージョン1.15
Windowsのmagnetリンクをアプリで開けます。転送の復元、一時停止、ファイル削除、プロキシパスワードの保存を改善しました。Wi-Fi限定モードで従量制課金ではない有線接続とVPN接続を利用できます。削除の両方のオプションが既定で選択されます。ファイルを残す場合は該当する選択を解除してください。","버전 1.15
Windows magnet 링크를 앱에서 엽니다. 전송 복구, 일시 중지, 파일 삭제 및 프록시 암호 저장을 개선했습니다. Wi-Fi 전용 모드에서 데이터 통신 요금이 부과되지 않는 유선 및 VPN 연결을 지원합니다. 두 파일 삭제 옵션이 기본으로 선택됩니다. 파일을 보관하려면 해당 옵션의 선택을 해제하세요.","Versjon 1.15
Åpne magnetlenker i Windows direkte i appen. Forbedret gjenoppretting av overføringer, pause, filsletting og lagring av proxypassord. Kablede tilkoblinger og VPN uten forbruksmåling fungerer nå med kun Wi-Fi. Begge slettevalg er valgt som standard; fjern avmerkingen for å beholde de aktuelle filene.","Versie 1.15
Open Windows-magnetlinks in de app. Verbeterd herstel van overdrachten, pauzeren, verwijderen van bestanden en opslaan van proxywachtwoorden. De modus alleen wifi ondersteunt nu bekabelde en VPN-verbindingen zonder datalimiet. Beide verwijderopties zijn standaard geselecteerd; schakel de gewenste optie uit om die bestanden te behouden.","Wersja 1.15
Otwieraj łącza magnet systemu Windows w aplikacji. Ulepszono przywracanie transferów, wstrzymywanie, usuwanie plików i przechowywanie hasła proxy. Tryb tylko Wi-Fi obsługuje teraz nielimitowane połączenia przewodowe i VPN. Obie opcje usuwania są domyślnie zaznaczone; odznacz odpowiednią opcję, aby zachować dane pliki.","Versão 1.15
Abra links magnet do Windows no aplicativo. Melhorias na recuperação de transferências, pausa, exclusão de arquivos e armazenamento da senha do proxy. O modo somente Wi-Fi aceita conexões com fio e VPN não limitadas. Ambas as opções de exclusão ficam selecionadas por padrão; desmarque a opção correspondente para manter esses arquivos.","Versiunea 1.15
Deschideți linkurile magnet din Windows în aplicație. Îmbunătățiri la recuperarea transferurilor, pauză, ștergerea fișierelor și stocarea parolei proxy. Modul doar Wi-Fi acceptă conexiuni prin cablu și VPN necontorizate. Ambele opțiuni de ștergere sunt selectate implicit; debifați opțiunea corespunzătoare pentru a păstra fișierele.","Версия 1.15
Открывайте magnet-ссылки Windows в приложении. Улучшены восстановление передач, пауза, удаление файлов и хранение пароля прокси. Режим «Только Wi-Fi» теперь поддерживает безлимитные проводные и VPN-подключения. Оба параметра удаления выбраны по умолчанию; снимите нужный флажок, чтобы сохранить соответствующие файлы.","เวอร์ชัน 1.15
เปิดลิงก์ magnet ของ Windows ในแอป ปรับปรุงการกู้คืนการถ่ายโอน การหยุดชั่วคราว การลบไฟล์ และการจัดเก็บรหัสผ่านพร็อกซี โหมด Wi-Fi เท่านั้นรองรับการเชื่อมต่อแบบสายและ VPN ที่ไม่คิดค่าบริการตามปริมาณข้อมูลแล้ว ตัวเลือกการลบทั้งสองถูกเลือกไว้โดยค่าเริ่มต้น ยกเลิกตัวเลือกที่ต้องการเพื่อเก็บไฟล์เหล่านั้นไว้","Sürüm 1.15
Windows magnet bağlantılarını uygulamada açın. Aktarımların kurtarılması, duraklatma, dosya silme ve proxy parolası saklama iyileştirildi. Yalnızca Wi-Fi modu artık tarifesiz kablolu ve VPN bağlantılarını destekliyor. Her iki silme seçeneği varsayılan olarak seçilidir; ilgili dosyaları saklamak için seçimi kaldırın.","Phiên bản 1.15
Mở liên kết magnet của Windows trong ứng dụng. Cải thiện khôi phục truyền dữ liệu, tạm dừng, xóa tệp và lưu mật khẩu proxy. Chế độ chỉ Wi-Fi hiện hỗ trợ kết nối có dây và VPN không tính phí theo lưu lượng. Cả hai tùy chọn xóa được chọn theo mặc định; bỏ chọn tùy chọn tương ứng để giữ các tệp đó.","版本 1.15
在应用中打开 Windows 磁力链接。改进了传输恢复、暂停、文件删除和代理密码存储。仅 Wi-Fi 模式现支持非按流量计费的有线和 VPN 连接。两个文件删除选项均默认选中；如需保留相应文件，请取消勾选。"
Feature1,700,Text,Add magnet links,Add magnet links,إضافة روابط magnet,Přidejte odkazy magnet,Tilføj magnet links,Fügen Sie magnet-Links hinzu,Añade enlaces magnet,Lisää magnet linkkejä,Ajoutez des liens magnet,magnet लिंक जोड़ें,magnet linkek hozzáadása,Tambahkan tautan magnet,Aggiungi collegamenti magnet,magnet リンクを追加,magnet 링크 추가,Legg til magnet-lenker,Voeg magnet-links toe,Dodaj linki magnet,Adicionar links magnet,Adăugați linkuri magnet,Добавление magnet-ссылок,เพิ่มลิงก์ magnet,Magnet bağlantıları ekleyin,Thêm liên kết magnet,添加 magnet 链接
Feature2,701,Text,Open .torrent files,Open .torrent files,فتح ملفات .torrent,Otevřete soubory .torrent,Åbn .torrent filer,Öffnen Sie .torrent-Dateien,Abre archivos .torrent,Avaa .torrent tiedostoa,Ouvrez des fichiers .torrent,.torrent फ़ाइलें खोलें,Nyisson meg .torrent fájlt,Buka file .torrent,Apri file .torrent,.torrent ファイルを開く,.torrent 파일 열기,Åpne .torrent filer,Open .torrent bestanden,Otwórz pliki .torrent,Abra arquivos .torrent,Deschideți fișierele .torrent,Открытие файлов .torrent,เปิดไฟล์ .torrent,.torrent dosyalarını açın,Mở tệp .torrent,打开 .torrent 文件
Feature3,702,Text,Background downloads,Background downloads,تنزيلات في الخلفية,Stahování na pozadí,Baggrundsdownloads,Hintergrund-Downloads,Descargas en segundo plano,Taustalataukset,Telechargements en arriere-plan,पृष्ठभूमि में डाउनलोड,Letöltések a háttérben,Unduhan latar belakang,Download in background,バックグラウンドダウンロード,백그라운드 다운로드,Bakgrunnsnedlastinger,Achtergronddownloads,Pobieranie w tle,Downloads em segundo plano,Descărcări de fundal,Фоновые загрузки,ดาวน์โหลดพื้นหลัง,Arka planda indirmeler,Tải xuống nền,后台下载
Feature4,703,Text,Download speed limits,Download speed limits,حدود سرعة التنزيل,Omezení rychlosti stahování,Download hastighedsgrænser,Geschwindigkeitsbegrenzungen herunterladen,Limites de velocidad de descarga,Lataa nopeusrajoitukset,Limites de vitesse de telechargement,डाउनलोड गति सीमाएं,Letöltési sebességkorlátozások,Batas kecepatan unduh,Scarica i limiti di velocità,ダウンロード速度制限,다운로드 속도 제한,Last ned fartsgrenser,Snelheidslimieten downloaden,Pobierz ograniczenia prędkości,Limites de velocidade de download,Descărcați limite de viteză,Ограничения скорости загрузки,ดาวน์โหลดขีดจำกัดความเร็ว,İndirme hızı sınırları,Giới hạn tốc độ tải xuống,下载速度限制
Feature5,704,Text,Upload speed limits,Upload speed limits,حدود سرعة الرفع,Omezení rychlosti nahrávání,Upload hastighedsgrænser,Geschwindigkeitsbegrenzungen hochladen,Limites de velocidad de subida,Latauksen nopeusrajoitukset,Limites de vitesse d'envoi,अपलोड गति सीमाएं,Feltöltési sebességkorlátozások,Batas kecepatan unggah,Carica i limiti di velocità,アップロード速度制限,업로드 속도 제한,Last opp fartsgrenser,Snelheidslimieten uploaden,Przesyłaj ograniczenia prędkości,Limites de velocidade de upload,Încărcați limite de viteză,Ограничения скорости отдачи,อัพโหลดจำกัดความเร็ว,Yükleme hızı sınırları,Giới hạn tốc độ tải lên,上传速度限制
Feature6,705,Text,Progress notifications,Progress notifications,إشعارات التقدم,Oznámení o průběhu,Statusmeddelelser,Fortschrittsbenachrichtigungen,Notificaciones de progreso,Edistymisilmoitukset,Notifications de progression,प्रगति सूचनाएं,Haladásról szóló értesítések,Pemberitahuan kemajuan,Notifiche di avanzamento,進捗通知,진행상황 알림,Fremdriftsvarsler,Voortgangsmeldingen,Powiadomienia o postępie,Notificações de progresso,Notificări de progres,Уведомления о ходе загрузки,การแจ้งเตือนความคืบหน้า,İlerleme bildirimleri,Thông báo tiến độ,进度通知
Feature7,706,Text,Simple download queue,Simple download queue,قائمة تنزيل بسيطة,Jednoduchá fronta stahování,Simpel downloadkø,Einfache Download-Warteschlange,Cola de descargas simple,Yksinkertainen latausjono,File de telechargement simple,सरल डाउनलोड कतार,Egyszerű letöltési sor,Antrian unduhan sederhana,Coda di download semplice,単純なダウンロードキュー,단순 다운로드 대기열,Enkel nedlastingskø,Eenvoudige downloadwachtrij,Prosta kolejka pobierania,Fila de download simples,Coadă simplă de descărcare,Простая очередь загрузок,คิวดาวน์โหลดง่ายๆ,Basit indirme kuyruğu,Hàng đợi tải xuống đơn giản,简单的下载队列
Feature8,707,Text,Save files directly to your device,Save files directly to your device,حفظ الملفات مباشرة على جهازك,Ukládejte soubory přímo do svého zařízení,Gem filer direkte på din enhed,Speichern Sie Dateien direkt auf Ihrem Gerät,Guarda archivos directamente en tu dispositivo,Tallenna tiedostot suoraan laitteellesi,Enregistrez les fichiers directement sur votre appareil,फ़ाइलें सीधे अपने डिवाइस पर सहेजें,Mentse el a fájlokat közvetlenül a készülékére,Simpan file langsung ke perangkat Anda,Salva i file direttamente sul tuo dispositivo,ファイルをデバイスに直接保存する,파일을 장치에 직접 저장,Lagre filer direkte på enheten din,Sla bestanden rechtstreeks op uw apparaat op,Zapisuj pliki bezpośrednio na swoim urządzeniu,Salve arquivos diretamente no seu dispositivo,Salvați fișierele direct pe dispozitiv,Сохранение файлов прямо на устройство,บันทึกไฟล์ลงในอุปกรณ์ของคุณโดยตรง,Dosyaları doğrudan cihazınıza kaydedin,Lưu tập tin trực tiếp vào thiết bị của bạn,将文件直接保存到您的设备
Feature9,708,Text,No ads and no tracking,No ads and no tracking,بدون إعلانات وبدون تتبع,Žádné reklamy a žádné sledování,Ingen annoncer og ingen sporing,Keine Werbung und kein Tracking,Sin anuncios y sin seguimiento,Ei mainoksia eikä seurantaa,Sans publicite et sans suivi,कोई विज्ञापन और कोई ट्रैकिंग नहीं,Nincsenek hirdetések és nincs nyomon követés,Tidak ada iklan dan tidak ada pelacakan,Nessuna pubblicità e nessun tracciamento,広告も追跡もありません,광고 없음 및 추적 없음,Ingen annonser og ingen sporing,Geen advertenties en geen tracking,Bez reklam i bez śledzenia,Sem anúncios e sem rastreamento,Fără reclame și fără urmărire,Без рекламы и без отслеживания,ไม่มีโฆษณาและไม่มีการติดตาม,Reklam yok ve izleme yok,Không có quảng cáo và không theo dõi,没有广告，没有跟踪
Feature10,709,Text,Free and open source,Free and open source,مجاني ومفتوح المصدر,Zdarma a open source,Gratis og open source,Kostenlos und open source,Gratis y de codigo abierto,Ilmainen ja open source,Gratuit et open source,मुफ्त और ओपन सोर्स,Ingyenes és open source,Gratis dan open source,Gratuito e open source,無料でopen source,무료 및 open source,Gratis og open source,Gratis en open source,Bezpłatne i open source,Gratuito e open source,Gratuit și open source,Бесплатно и с открытым исходным кодом,ฟรีและ open source,Ücretsiz ve açık kaynaklı,Miễn phí và open source,免费且open source
StoreLogo300x300,602,Relative path (or URL to file in Partner Center),microsoft-store/assets/StoreLogo300x300.png,microsoft-store/assets/StoreLogo300x300.png,microsoft-store/assets/StoreLogo300x300.png,microsoft-store/assets/StoreLogo300x300.png,microsoft-store/assets/StoreLogo300x300.png,microsoft-store/assets/StoreLogo300x300.png,microsoft-store/assets/StoreLogo300x300.png,microsoft-store/assets/StoreLogo300x300.png,microsoft-store/assets/StoreLogo300x300.png,microsoft-store/assets/StoreLogo300x300.png,microsoft-store/assets/StoreLogo300x300.png,microsoft-store/assets/StoreLogo300x300.png,microsoft-store/assets/StoreLogo300x300.png,microsoft-store/assets/StoreLogo300x300.png,microsoft-store/assets/StoreLogo300x300.png,microsoft-store/assets/StoreLogo300x300.png,microsoft-store/assets/StoreLogo300x300.png,microsoft-store/assets/StoreLogo300x300.png,microsoft-store/assets/StoreLogo300x300.png,microsoft-store/assets/StoreLogo300x300.png,microsoft-store/assets/StoreLogo300x300.png,microsoft-store/assets/StoreLogo300x300.png,microsoft-store/assets/StoreLogo300x300.png,microsoft-store/assets/StoreLogo300x300.png,microsoft-store/assets/StoreLogo300x300.png
StoreLogoOverride150x150,604,Relative path (or URL to file in Partner Center),microsoft-store/assets/StoreLogo150x150.png,microsoft-store/assets/StoreLogo150x150.png,microsoft-store/assets/StoreLogo150x150.png,microsoft-store/assets/StoreLogo150x150.png,microsoft-store/assets/StoreLogo150x150.png,microsoft-store/assets/StoreLogo150x150.png,microsoft-store/assets/StoreLogo150x150.png,microsoft-store/assets/StoreLogo150x150.png,microsoft-store/assets/StoreLogo150x150.png,microsoft-store/assets/StoreLogo150x150.png,microsoft-store/assets/StoreLogo150x150.png,microsoft-store/assets/StoreLogo150x150.png,microsoft-store/assets/StoreLogo150x150.png,microsoft-store/assets/StoreLogo150x150.png,microsoft-store/assets/StoreLogo150x150.png,microsoft-store/assets/StoreLogo150x150.png,microsoft-store/assets/StoreLogo150x150.png,microsoft-store/assets/StoreLogo150x150.png,microsoft-store/assets/StoreLogo150x150.png,microsoft-store/assets/StoreLogo150x150.png,microsoft-store/assets/StoreLogo150x150.png,microsoft-store/assets/StoreLogo150x150.png,microsoft-store/assets/StoreLogo150x150.png,microsoft-store/assets/StoreLogo150x150.png,microsoft-store/assets/StoreLogo150x150.png
StoreLogoOverride71x71,605,Relative path (or URL to file in Partner Center),microsoft-store/assets/StoreLogo71x71.png,microsoft-store/assets/StoreLogo71x71.png,microsoft-store/assets/StoreLogo71x71.png,microsoft-store/assets/StoreLogo71x71.png,microsoft-store/assets/StoreLogo71x71.png,microsoft-store/assets/StoreLogo71x71.png,microsoft-store/assets/StoreLogo71x71.png,microsoft-store/assets/StoreLogo71x71.png,microsoft-store/assets/StoreLogo71x71.png,microsoft-store/assets/StoreLogo71x71.png,microsoft-store/assets/StoreLogo71x71.png,microsoft-store/assets/StoreLogo71x71.png,microsoft-store/assets/StoreLogo71x71.png,microsoft-store/assets/StoreLogo71x71.png,microsoft-store/assets/StoreLogo71x71.png,microsoft-store/assets/StoreLogo71x71.png,microsoft-store/assets/StoreLogo71x71.png,microsoft-store/assets/StoreLogo71x71.png,microsoft-store/assets/StoreLogo71x71.png,microsoft-store/assets/StoreLogo71x71.png,microsoft-store/assets/StoreLogo71x71.png,microsoft-store/assets/StoreLogo71x71.png,microsoft-store/assets/StoreLogo71x71.png,microsoft-store/assets/StoreLogo71x71.png,microsoft-store/assets/StoreLogo71x71.png
